Function	180045230	CreateLightingEngine	true
Function	1800452d0	DestroyLightingEngine	true
Label	180199380	vftable_meta_ptr	true
Label	180199388	vftable	true
Label	180199450	vftable_meta_ptr	true
Label	180199458	vftable	true
Label	1801994a0	vftable_meta_ptr	true
Label	1801994a8	vftable	true
Label	180199580	vftable_meta_ptr	true
Label	180199588	vftable	true
Label	1801998c0	vftable_meta_ptr	true
Label	1801998c8	vftable	true
Label	180199b68	vftable_meta_ptr	true
Label	180199b70	vftable	true
Label	180199e70	vftable_meta_ptr	true
Label	180199e78	vftable	true
Label	180199f90	vftable_meta_ptr	true
Label	180199f98	vftable	true
Label	18019a050	vftable_meta_ptr	true
Label	18019a058	vftable	true
Label	18019a150	vftable_meta_ptr	true
Label	18019a158	vftable	true
Label	18019a190	vftable_meta_ptr	true
Label	18019a198	vftable	true
Label	18019a1f0	vftable_meta_ptr	true
Label	18019a1f8	vftable	true
Label	18019a200	vftable[1]	true
Label	18019a3f0	vftable_meta_ptr	true
Label	18019a3f8	vftable	true
Label	18019a450	vftable_meta_ptr	true
Label	18019a458	vftable	true
Label	18019a490	vftable_meta_ptr	true
Label	18019a498	vftable	true
Label	18019a4d0	vftable_meta_ptr	true
Label	18019a4d8	vftable	true
Label	18019a550	vftable_meta_ptr	true
Label	18019a558	vftable	true
Label	18019a590	vftable_meta_ptr	true
Label	18019a598	vftable	true
Label	18019a620	vftable_meta_ptr	true
Label	18019a628	vftable	true
Label	18019a6e0	vftable_meta_ptr	true
Label	18019a6e8	vftable	true
Label	18019a720	vftable_meta_ptr	true
Label	18019a728	vftable	true
Label	18019a7d0	vftable_meta_ptr	true
Label	18019a7d8	vftable	true
Label	18019a8c0	vftable_meta_ptr	true
Label	18019a8c8	vftable	true
Label	18019a8e8	vftable_meta_ptr	true
Label	18019a8f0	vftable	true
Label	18019a918	vftable_meta_ptr	true
Label	18019a920	vftable	true
Label	18019a988	PTR_vftable_18019a988	true
Label	18019a9a0	vftable_meta_ptr	true
Label	18019a9a8	vftable	true
Label	18019aab0	vftable_meta_ptr	true
Label	18019aab8	vftable	true
Label	18019abd0	vftable_meta_ptr	true
Label	18019abd8	vftable	true
Label	18019ac10	vftable_meta_ptr	true
Label	18019ac18	vftable	true
Label	18019ac50	vftable_meta_ptr	true
Label	18019ac58	vftable	true
Label	18019ac60	vftable[1]	true
Label	18019ad70	vftable_meta_ptr	true
Label	18019ad78	vftable	true
Label	18019ada8	vftable_meta_ptr	true
Label	18019adb0	vftable	true
Label	18019ba20	vftable_meta_ptr	true
Label	18019ba28	vftable	true
Label	18019bb30	vftable_meta_ptr	true
Label	18019bb38	vftable	true
Label	18019bbc0	vftable_meta_ptr	true
Label	18019bbc8	vftable	true
Label	18019c840	vftable_meta_ptr	true
Label	18019c848	vftable	true
Label	18019c900	vftable_meta_ptr	true
Label	18019c908	vftable	true
Label	18019cbff	s_effect_18019cbff	true
Label	18019cc06	s_EffectParam_18019cc06	true
Label	18019cd13	s_effect_handle_18019cd13	true
Label	18019ce6f	s_effectConfig_18019ce6f	true
Label	18019d2e0	vftable_meta_ptr	true
Label	18019d2e8	vftable	true
Label	18019d3a0	vftable_meta_ptr	true
Label	18019d3a8	vftable	true
Label	18019d3b0	vftable[1]	true
Label	18019d430	vftable_meta_ptr	true
Label	18019d438	vftable	true
Label	18019d440	vftable[1]	true
Label	18019d4c0	vftable_meta_ptr	true
Label	18019d4c8	vftable	true
Label	18019d4d0	vftable[1]	true
Label	18019d6d0	s_RzLightingEngineAPI::SetEventInt_18019d6d0	true
Label	18019d6ff	s_RzLightingEngineAPI::SetAllocato_18019d6ff	true
Label	18019d742	s_RzLightingEngineAPI::SetOperatin_18019d742	true
Label	18019d7c1	s_RzLightingEngineAPI::RzLightingA_18019d7c1	true
Label	18019d7e4	s_RzLightingEngineAPI::RzLightingA_18019d7e4	true
Label	18019d880	vftable_meta_ptr	true
Label	18019d888	vftable	true
Label	18019d950	vftable_meta_ptr	true
Label	18019d958	vftable	true
Label	18019da10	vftable_meta_ptr	true
Label	18019da18	vftable	true
Label	18019ed20	vftable_meta_ptr	true
Label	18019ed28	vftable	true
Label	18019ed80	vftable_meta_ptr	true
Label	18019ed88	vftable	true
Label	18019eda8	vftable[4]	true
Label	18019ee60	vftable_meta_ptr	true
Label	18019ee68	vftable	true
Label	18019eed0	vftable_meta_ptr	true
Label	18019eed8	vftable	true
Label	18019eef0	vftable_meta_ptr	true
Label	18019eef8	vftable	true
Label	18019f000	vftable_meta_ptr	true
Label	18019f008	vftable	true
Label	18019f050	vftable_meta_ptr	true
Label	18019f058	vftable	true
Label	18019f0f0	vftable_meta_ptr	true
Label	18019f0f8	vftable	true
Label	1801a14b0	vftable_meta_ptr	true
Label	1801a14b8	vftable	true
Label	1801a1500	vftable_meta_ptr	true
Label	1801a1508	vftable	true
Label	1801a1528	vftable[4]	true
Label	1801a2420	vftable_meta_ptr	true
Label	1801a2428	vftable	true
Label	1801a2510	vftable_meta_ptr	true
Label	1801a2518	vftable	true
Label	1801a3658	vftable_meta_ptr	true
Label	1801a3660	vftable	true
Label	1801a36a8	vftable_meta_ptr	true
Label	1801a36b0	vftable	true
Label	1801a36d8	vftable_meta_ptr	true
Label	1801a36e0	vftable	true
Label	1801a36f0	vftable_meta_ptr	true
Label	1801a36f8	vftable	true
Label	1801a3708	vftable_meta_ptr	true
Label	1801a3710	vftable	true
Label	1801a3720	vftable_meta_ptr	true
Label	1801a3728	vftable	true
Label	1801a3738	vftable_meta_ptr	true
Label	1801a3740	vftable	true
Label	1801a3750	vftable_meta_ptr	true
Label	1801a3758	vftable	true
Label	1801a8218	vftable_meta_ptr	true
Label	1801a8220	vftable	true
Label	1801a83c0	vftable_meta_ptr	true
Label	1801a83c8	vftable	true
Label	1801a8470	vftable_meta_ptr	true
Label	1801a8478	vftable	true
Label	1801a8510	vftable[19]	true
Label	1801a8520	vftable_meta_ptr	true
Label	1801a8528	vftable	true
Label	1801a8820	vftable_meta_ptr	true
Label	1801a8828	vftable	true
Label	1801a88e8	vftable_meta_ptr	true
Label	1801a88f0	vftable	true
Label	1801a8993	s_EffectEngine_1801a8993	true
Label	1801a89a0	vftable_meta_ptr	true
Label	1801a89a8	vftable	true
Label	1801a8a70	vftable_meta_ptr	true
Label	1801a8a78	vftable	true
Label	1801a8a88	s_~CEffectEngine_1801a8a88	true
Label	1801a8b7b	s_AddEffect_:_0x%x_Handle:%p_1801a8b7b	true
Label	1801a8b9c	s_RemoveEffect_:_Handle%p_1801a8b9c	true
Label	1801a8c35	s_CEffectEngine::EnableInputEvents_1801a8c35	true
Label	1801a8db0	vftable_meta_ptr	true
Label	1801a8db8	vftable	true
Label	1801a9240	vftable_meta_ptr	true
Label	1801a9248	vftable	true
Label	1801a92b8	vftable_meta_ptr	true
Label	1801a92c0	vftable	true
Label	1801a9318	vftable_meta_ptr	true
Label	1801a9320	vftable	true
Label	1801a9540	vftable_meta_ptr	true
Label	1801a9548	vftable	true
Label	1801a9608	vftable_meta_ptr	true
Label	1801a9610	vftable	true
Label	1801a9640	vftable_meta_ptr	true
Label	1801a9648	vftable	true
Label	1801a98e0	vftable_meta_ptr	true
Label	1801a98e8	vftable	true
Label	1801a98f0	vftable[1]	true
Label	1801a9a80	vftable_meta_ptr	true
Label	1801a9a88	vftable	true
Label	1801a9e30	vftable_meta_ptr	true
Label	1801a9e38	vftable	true
Label	1801a9e88	vftable_meta_ptr	true
Label	1801a9e90	vftable	true
Label	1801a9ee0	vftable_meta_ptr	true
Label	1801a9ee8	vftable	true
Label	1801a9f60	vftable_meta_ptr	true
Label	1801a9f68	vftable	true
Label	1801aa028	vftable_meta_ptr	true
Label	1801aa030	vftable	true
Label	1801aa048	vftable_meta_ptr	true
Label	1801aa050	vftable	true
Label	1801aa068	vftable_meta_ptr	true
Label	1801aa070	vftable	true
Label	1801aa088	vftable_meta_ptr	true
Label	1801aa090	vftable	true
Label	1801aa0b0	vftable_meta_ptr	true
Label	1801aa0b8	vftable	true
Label	1801aa128	vftable_meta_ptr	true
Label	1801aa130	vftable	true
Label	1801aa188	vftable_meta_ptr	true
Label	1801aa190	vftable	true
Label	1801aa1d0	vftable_meta_ptr	true
Label	1801aa1d8	vftable	true
Label	1801aa208	vftable_meta_ptr	true
Label	1801aa210	vftable	true
Label	1801aa240	vftable_meta_ptr	true
Label	1801aa248	vftable	true
Label	1801aa270	vftable_meta_ptr	true
Label	1801aa278	vftable	true
Label	1801aa2a0	vftable_meta_ptr	true
Label	1801aa2a8	vftable	true
Label	1801aa308	vftable_meta_ptr	true
Label	1801aa310	vftable	true
Label	1801aa370	vftable_meta_ptr	true
Label	1801aa378	vftable	true
Label	1801aa3d8	vftable_meta_ptr	true
Label	1801aa3e0	vftable	true
Label	1801aa430	vftable_meta_ptr	true
Label	1801aa438	vftable	true
Label	1801aa4a8	vftable_meta_ptr	true
Label	1801aa4b0	vftable	true
Label	1801aa508	vftable_meta_ptr	true
Label	1801aa510	vftable	true
Label	1801aa550	vftable_meta_ptr	true
Label	1801aa558	vftable	true
Label	1801aa588	vftable_meta_ptr	true
Label	1801aa590	vftable	true
Label	1801aa5c0	vftable_meta_ptr	true
Label	1801aa5c8	vftable	true
Label	1801aa5f0	vftable_meta_ptr	true
Label	1801aa5f8	vftable	true
Label	1801aa620	vftable_meta_ptr	true
Label	1801aa628	vftable	true
Label	1801aa688	vftable_meta_ptr	true
Label	1801aa690	vftable	true
Label	1801aa6f0	vftable_meta_ptr	true
Label	1801aa6f8	vftable	true
Label	1801aa758	vftable_meta_ptr	true
Label	1801aa760	vftable	true
Label	1801aa7b0	vftable_meta_ptr	true
Label	1801aa7b8	vftable	true
Label	1801aaa10	vftable_meta_ptr	true
Label	1801aaa18	vftable	true
Label	1801aaa48	vftable_meta_ptr	true
Label	1801aaa50	vftable	true
Label	1801aaa80	vftable_meta_ptr	true
Label	1801aaa88	vftable	true
Label	1801aaab0	vftable_meta_ptr	true
Label	1801aaab8	vftable	true
Label	1801aaae0	vftable_meta_ptr	true
Label	1801aaae8	vftable	true
Label	1801aab48	vftable_meta_ptr	true
Label	1801aab50	vftable	true
Label	1801aabb0	vftable_meta_ptr	true
Label	1801aabb8	vftable	true
Label	1801aac18	vftable_meta_ptr	true
Label	1801aac20	vftable	true
Label	1801aac70	vftable_meta_ptr	true
Label	1801aac78	vftable	true
Label	1801aae70	vftable_meta_ptr	true
Label	1801aae78	vftable	true
Label	1801ab080	vftable_meta_ptr	true
Label	1801ab088	vftable	true
Label	1801ab170	vftable_meta_ptr	true
Label	1801ab178	vftable	true
Label	1801ab9a0	vftable_meta_ptr	true
Label	1801ab9a8	vftable	true
Label	1801abdf0	vftable_meta_ptr	true
Label	1801abdf8	vftable	true
Label	1801abfb0	vftable_meta_ptr	true
Label	1801abfb8	vftable	true
Label	1801ac1a0	vftable_meta_ptr	true
Label	1801ac1a8	vftable	true
Label	1801ac1f8	vftable_meta_ptr	true
Label	1801ac200	vftable	true
Label	1801ac210	vftable_meta_ptr	true
Label	1801ac218	vftable	true
Label	1801ac4a8	vftable_meta_ptr	true
Label	1801ac4b0	vftable	true
Label	1801ac4c0	vftable_meta_ptr	true
Label	1801ac4c8	vftable	true
Label	1801ac5a0	vftable_meta_ptr	true
Label	1801ac5a8	vftable	true
Label	1801ac690	vftable_meta_ptr	true
Label	1801ac698	vftable	true
Label	1801ac750	vftable_meta_ptr	true
Label	1801ac758	vftable	true
Label	1801ac820	vftable_meta_ptr	true
Label	1801ac828	vftable	true
Label	1801ac920	vftable_meta_ptr	true
Label	1801ac928	vftable	true
Label	1801aca20	vftable_meta_ptr	true
Label	1801aca28	vftable	true
Label	1801acb10	vftable_meta_ptr	true
Label	1801acb18	vftable	true
Label	1801acc40	vftable_meta_ptr	true
Label	1801acc48	vftable	true
Label	1801acd00	vftable_meta_ptr	true
Label	1801acd08	vftable	true
Label	1801acdc0	vftable_meta_ptr	true
Label	1801acdc8	vftable	true
Label	1801ace90	vftable_meta_ptr	true
Label	1801ace98	vftable	true
Label	1801acf10	vftable_meta_ptr	true
Label	1801acf18	vftable	true
Label	1801ad200	vftable_meta_ptr	true
Label	1801ad208	vftable	true
Label	1801ad230	vftable_meta_ptr	true
Label	1801ad238	vftable	true
Label	1801ad4f0	vftable_meta_ptr	true
Label	1801ad4f8	vftable	true
Label	1801ad5a0	vftable_meta_ptr	true
Label	1801ad5a8	vftable	true
Label	1801ad7e0	vftable_meta_ptr	true
Label	1801ad7e8	vftable	true
Label	1801ad840	vftable_meta_ptr	true
Label	1801ad848	vftable	true
Label	1801ad8a0	vftable_meta_ptr	true
Label	1801ad8a8	vftable	true
Label	1801ad900	vftable_meta_ptr	true
Label	1801ad908	vftable	true
Label	1801ad960	vftable_meta_ptr	true
Label	1801ad968	vftable	true
Label	1801ad9c0	vftable_meta_ptr	true
Label	1801ad9c8	vftable	true
Label	1801ada20	vftable_meta_ptr	true
Label	1801ada28	vftable	true
Label	1801ada80	vftable_meta_ptr	true
Label	1801ada88	vftable	true
Label	1801adae0	vftable_meta_ptr	true
Label	1801adae8	vftable	true
Label	1801adca0	vftable_meta_ptr	true
Label	1801adca8	vftable	true
Label	1801add00	vftable_meta_ptr	true
Label	1801add08	vftable	true
Label	1801add60	vftable_meta_ptr	true
Label	1801add68	vftable	true
Label	1801ade20	vftable_meta_ptr	true
Label	1801ade28	vftable	true
Label	1801afc98	PTR_vftable_1801afc98	true
Label	1801afcb0	vftable_meta_ptr	true
Label	1801afcb8	vftable	true
Label	1801afd70	vftable_meta_ptr	true
Label	1801afd78	vftable	true
Label	1801b6438	vftable_meta_ptr	true
Label	1801b6440	vftable	true
Label	1801b76e0	vftable_meta_ptr	true
Label	1801b76e8	vftable	true
Label	1801b7708	vftable_meta_ptr	true
Label	1801b7710	vftable	true
Label	1801b7730	vftable_meta_ptr	true
Label	1801b7738	vftable	true
Label	1801b7758	vftable_meta_ptr	true
Label	1801b7760	vftable	true
Label	1801b7780	vftable_meta_ptr	true
Label	1801b7788	vftable	true
Label	1801b77a8	vftable_meta_ptr	true
Label	1801b77b0	vftable	true
Label	1801b78e0	PTR_vftable_1801b78e0	true
Label	1801b78f0	PTR_vftable_1801b78f0	true
Label	1801b7910	PTR_vftable_1801b7910	true
Label	1801c5910	s_RzLightingEngineApi.dll_1801c5910	true
Label	1801c59d3	s_CreateLightingEngine_1801c59d3	true
Label	1801c59fe	s_DestroyLightingEngine_1801c59fe	true
Label	1801f4c40	PTR_vftable_1801f4c40	true
